{"accommodates": 3.8627189324437032, "bedrooms": 1.5361968306922436, "bathrooms": 1.3579649708090076, "review_scores_rating": 4.2589474562135115, "number_of_reviews": 76.02001668056714, "beds": 2.230775646371977, "review_scores_cleanliness": 4.286652210175145, "review_scores_location": 4.3143936613844875, "instant_bookable": 0.6398665554628857, "reviews_per_month": 1.7905287739783151, "beds_per_person": 0.5841255408478093, "reviews_density": 36.0488528152417, "log_price": 5.074438953158696}